{
  "kVGA": 
          {
            "width": 640,
            "height": 480,
            "distortion_model": "plump_bob",
            "D":
                {
  	              "0": -0.0545211535376379,
  	              "1": 0.0691973423510287,
  	              "2": -0.00241094929163055,
  	              "3": -0.00112245009306511,
  	              "4": 0
		},
            "K":
                {
  	              "0": 556.845054830986,
  	              "1": 0,
  	              "2": 309.366895338178,
  	              "3": 0,
  	              "4": 555.898679730161,
  	              "5": 230.592233628776,
  	              "6": 0,
  	              "7": 0,
  	              "8": 1
		},
            "R":
                {
  	              "0": 1,
  	              "1": 0,
  	              "2": 0,
  	              "3": 0,
  	              "4": 1,
  	              "5": 0,
  	              "6": 0,
  	              "7": 0,
  	              "8": 1
		},
            "P":
                {
  	              "0": 551.589721679688,
  	              "1": 0,
  	              "2": 308.271132841983,
  	              "3": 0,
  	              "4": 0,
  	              "5": 550.291320800781,
  	              "6": 229.20143668168,
  	              "7": 0,
  	              "8": 0,
  	              "9": 0,
  	              "10": 1,
  	              "11": 0
		},
            "binning_x": 0,
            "binning_y": 0,
            "roi":
                {
  	              "x_offset": 0,
  	              "y_offset": 0,
  	              "height": 0,
  	              "width": 0,
  	              "do_rectify": 0
		}
          },
  "kQVGA":
          {
            "width": 320,
            "height": 240,
            "distortion_model": "plump_bob",
            "D":
                {
   	              "0": -0.0870160932911717,
  	              "1": 0.128210165050533,
  	              "2": 0.003379500659424,
  	              "3": -0.00106205540818586,
  	              "4": 0
		},
            "K":
                {
  	              "0": 274.139508945831,
  	              "1": 0,
  	              "2": 141.184472810944,
  	              "3": 0,
  	              "4": 275.741846757374,
  	              "5": 106.693773654172,
  	              "6": 0,
  	              "7": 0,
  	              "8": 1
		},
            "R":
                {
  	              "0": 1,
  	              "1": 0,
  	              "2": 0,
  	              "3": 0,
  	              "4": 1,
  	              "5": 0,
  	              "6": 0,
  	              "7": 0,
  	              "8": 1
		},
            "P":
                {
   	              "0": 272.423675537109,
  	              "1": 0,
  	              "2": 141.131930791285,
  	              "3": 0,
  	              "4": 0,
  	              "5": 273.515747070312,
  	              "6": 107.391746054313,
  	              "7": 0,
  	              "8": 0,
  	              "9": 0,
  	              "10": 0,
  	              "11": 1
		},
            "binning_x": 0,
            "binning_y": 0,
            "roi":
                {
                  "x_offset": 0,
  	              "y_offset": 0,
  	              "height": 0,
  	              "width": 0,
  	              "do_rectify": 0
		}
          },
  "kQQVGA": 
          {
            "width": 160,
            "height": 120,
            "distortion_model": "plump_bob",
            "D":
                {
   	              "0": -0.0843564504845967,
  	              "1": 0.125733083790192,
  	              "2": 0.00275901756247071,
  	              "3": -0.00138645823460527,
  	              "4": 0
		},
            "K":
                {
  	              "0": 139.424539568966,
  	              "1": 0,
  	              "2": 76.9073669920582,
  	              "3": 0,
  	              "4": 139.25542782325,
  	              "5": 59.5554242026743,
  	              "6": 0,
  	              "7": 0,
  	              "8": 1
		},
            "R":
                {
  	              "0": 1,
  	              "1": 0,
  	              "2": 0,
  	              "3": 0,
  	              "4": 1,
  	              "5": 0,
  	              "6": 0,
  	              "7": 0,
  	              "8": 1
		},
            "P":
                {
   	              "0": 137.541534423828,
  	              "1": 0,
  	              "2": 76.3004646597892,
  	              "3": 0,
  	              "4": 0,
  	              "5": 136.815216064453,
  	              "6": 59.3909799751191,
  	              "7": 0,
  	              "8": 0,
  	              "9": 0,
  	              "10": 0,
  	              "11": 1
		},
            "binning_x": 0,
            "binning_y": 0,
            "roi":
                {
                  "x_offset": 0,
  	              "y_offset": 0,
  	              "height": 0,
  	              "width": 0,
  	              "do_rectify": 0
		}
          },
  "kQQQVGA": 
          {
            "width": 80,
            "height": 60,
            "distortion_model": "plump_bob",
            "D":
                {
   	              "0": -0.0843564504845967,
  	              "1": 0.125733083790192,
  	              "2": 0.00275901756247071,
  	              "3": -0.00138645823460527,
  	              "4": 0
		},
            "K":
                {
  	              "0": 69.7122697845,
  	              "1": 0,
  	              "2": 38.453683496,
  	              "3": 0,
  	              "4": 69.6277139116,
  	              "5": 29.7777121013,
  	              "6": 0,
  	              "7": 0,
  	              "8": 1
		},
            "R":
                {
  	              "0": 1,
  	              "1": 0,
  	              "2": 0,
  	              "3": 0,
  	              "4": 1,
  	              "5": 0,
  	              "6": 0,
  	              "7": 0,
  	              "8": 1
		},
            "P":
                {
   	              "0": 68.7707672119,
  	              "1": 0,
  	              "2": 38.1502323299,
  	              "3": 0,
  	              "4": 0,
  	              "5": 68.4076080322,
  	              "6": 29.6954899876,
  	              "7": 0,
  	              "8": 0,
  	              "9": 0,
  	              "10": 0,
  	              "11": 1
		},
            "binning_x": 0,
            "binning_y": 0,
            "roi":
                {
                  "x_offset": 0,
  	              "y_offset": 0,
  	              "height": 0,
  	              "width": 0,
  	              "do_rectify": 0
		}
          },
  "kQQQQVGA": 
          {
            "width": 40,
            "height": 30,
            "distortion_model": "plump_bob",
            "D":
                {
   	              "0": -0.0843564504845967,
  	              "1": 0.125733083790192,
  	              "2": 0.00275901756247071,
  	              "3": -0.00138645823460527,
  	              "4": 0
		},
            "K":
                {
  	              "0": 69.7122697845,
  	              "1": 0,
  	              "2": 38.453683496,
  	              "3": 0,
  	              "4": 69.6277139116,
  	              "5": 29.7777121013,
  	              "6": 0,
  	              "7": 0,
  	              "8": 1
		},
            "R":
                {
  	              "0": 1,
  	              "1": 0,
  	              "2": 0,
  	              "3": 0,
  	              "4": 1,
  	              "5": 0,
  	              "6": 0,
  	              "7": 0,
  	              "8": 1
		},
            "P":
                {
   	              "0": 68.7707672119,
  	              "1": 0,
  	              "2": 38.1502323299,
  	              "3": 0,
  	              "4": 0,
  	              "5": 68.4076080322,
  	              "6": 29.6954899876,
  	              "7": 0,
  	              "8": 0,
  	              "9": 0,
  	              "10": 0,
  	              "11": 1
		},
            "binning_x": 0,
            "binning_y": 0,
            "roi":
                {
                  "x_offset": 0,
  	              "y_offset": 0,
  	              "height": 0,
  	              "width": 0,