{
  "kQVGA": 
          {
            "width": 320,
            "height": 240,
            "distortion_model": "plump_bob",
            "D":
                {
  	              "0": -0.0688388724945936,
  	              "1": 0.0697453843669642,
  	              "2": 0.00309518737071049,
  	              "3": -0.00570486993696543,
  	              "4": 0
		},
            "K":
                {
  	              "0": 262.5,
  	              "1": 0,
  	              "2": 159.75,
  	              "3": 0,
  	              "4": 262.5,
  	              "5": 119.75,
  	              "6": 0,
  	              "7": 0,
  	              "8": 1
		},
            "R":
                {
  	              "0": 1,
  	              "1": 0,
  	              "2": 0,
  	              "3": 0,
  	              "4": 1,
  	              "5": 0,
  	              "6": 0,
  	              "7": 0,
  	              "8": 1
		},
            "P":
                {
  	              "0": 262.5,
  	              "1": 0,
  	              "2": 159.75,
  	              "3": 0,
  	              "4": 0,
  	              "5": 262.5,
  	              "6": 119.75,
  	              "7": 0,
  	              "8": 0,
  	              "9": 0,
  	              "10": 1,
  	              "11": 0
		},
            "binning_x": 0,
            "binning_y": 0,
            "roi":
                {
  	              "x_offset": 0,
  	              "y_offset": 0,
  	              "height": 0,
  	              "width": 0,
  	              "do_rectify": 0
		}
          },
          
  "kQQVGA": 
          {
            "width": 160,
            "height": 120,
            "distortion_model": "plump_bob",
            "D":
                {
   	              "0": -0.0688388724945936,
  	              "1": 0.0697453843669642,
  	              "2": 0.00309518737071049,
  	              "3": -0.00570486993696543,
  	              "4": 0
		},
            "K":
                {
  	              "0": 131.25,
  	              "1": 0,
  	              "2": 79.875,
  	              "3": 0,
  	              "4": 131.25,
  	              "5": 59.875,
  	              "6": 0,
  	              "7": 0,
  	              "8": 1
		},
            "R":
                {
  	              "0": 1,
  	              "1": 0,
  	              "2": 0,
  	              "3": 0,
  	              "4": 1,
  	              "5": 0,
  	              "6": 0,
  	              "7": 0,
  	              "8": 1
		},
            "P":
                {
   	              "0": 131.25,
  	              "1": 0,
  	              "2": 79.875,
  	              "3": 0,
  	              "4": 0,
  	              "5": 131.25,
  	              "6": 59.875,
  	              "7": 0,
  	              "8": 0,
  	              "9": 0,
  	              "10": 0,
  	              "11": 1
		},
            "binning_x": 0,
            "binning_y": 0,
            "roi":
                {
                  "x_offset": 0,
  	              "y_offset": 0,
  	              "height": 0,
  	              "width": 0,
  	              "do_rectify": 0
		}
          },

  "kQQQVGA": 
          {
            "width": 80,
            "height": 60,
            "distortion_model": "plump_bob",
            "D":
                {
   	              "0": -0.0688388724945936,
  	              "1": 0.0697453843669642,
  	              "2": 0.00309518737071049,
  	              "3": -0.00570486993696543,
  	              "4": 0
		},
            "K":
                {
  	              "0": 65.625,
  	              "1": 0,
  	              "2": 39.9375,
  	              "3": 0,
  	              "4": 65.625,
  	              "5": 29.9375,
  	              "6": 0,
  	              "7": 0,
  	              "8": 1
		},
            "R":
                {
  	              "0": 1,
  	              "1": 0,
  	              "2": 0,
  	              "3": 0,
  	              "4": 1,
  	              "5": 0,
  	              "6": 0,
  	              "7": 0,
  	              "8": 1
		},
            "P":
                {
   	              "0": 65.625,
  	              "1": 0,
  	              "2": 39.9375,
  	              "3": 0,
  	              "4": 0,
  	              "5": 65.625,
  	              "6": 29.9375,
  	              "7": 0,
  	              "8": 0,
  	              "9": 0,
  	              "10": 0,
  	              "11": 1
		},
            "binning_x": 0,
            "binning_y": 0,
            "roi":
                {
                  "x_offset": 0,
  	              "y_offset": 0,
  	              "height": 0,
  	              "width": 0,
  	              "do_rectify": 0
		}
          },
          
  "kQQQQVGA": 
          {
            "width": 40,
            "height": 30,
            "distortion_model": "plump_bob",
            "D":
                {
   	              "0": -0.0688388724945936,
  	              "1": 0.0697453843669642,
  	              "2": 0.00309518737071049,
  	              "3": -0.00570486993696543,
  	              "4": 0
		},
            "K":
                {
  	              "0": 32.8125,
  	              "1": 0,
  	              "2": 19.96875,
  	              "3": 0,
  	              "4": 32.8125,
  	              "5": 14.96875,
  	              "6": 0,
  	              "7": 0,
  	              "8": 1
		},
            "R":
                {
  	              "0": 1,
  	              "1": 0,
  	              "2": 0,
  	              "3": 0,
  	              "4": 1,
  	              "5": 0,
  	              "6": 0,
  	              "7": 0,
  	              "8": 1
		},
            "P":
                {
   	              "0": 32.8125,
  	              "1": 0,
  	              "2": 19.96875,
  	              "3": 0,
  	              "4": 0,
  	              "5": 32.8125,
  	              "6": 14.96875,
  	              "7": 0,
  	              "8": 0,
  	              "9": 0,
  	              "10": 0,
  	              "11": 1
		},
            "binning_x": 0,
            "binning_y": 0,
            "roi":
                {
                  "x_offset": 0,
  	              "y_offset": 0,
  	              "height": 0,
  	              "width": 0,
  	              "do_rectify": 0
		}
          }
}
